URL,New Date (2025-01-31),Old Date (2024-06-01),Added Items,Removed Items,Unchanged Items,Total Text Changes,New Count,Old Count,Count Difference
https://www.cnet.com/health/sleep/best-sunrise-alarm-clock/,,,None,None,None,0,0,0,0
https://www.cnet.com/tech/gaming/best-m2-ssd/,Lexar NM790 | Samsung 990 Pro with Heat Sink | Samsung 980 Pro with Heat Sink M.2 SSD | Seagate FireCuda 530 NVMe PCIe Gen4 x4 M.2 SSD | Corsair MP600 PRO LPX | PNY XLR8 CS3140 1TB M.2 NVMe SSD | WD Black SN850 Gen4 x4 NVMe PCIe M.2 SSD | Samsung 980 Pro 1TB PCIe NVMe Gen4 M.2 | MHQJRH M.2 2280 SSD heat sink,Lexar NM790 | Samsung 990 Pro with Heat Sink | Samsung 980 Pro with Heat Sink M.2 SSD | Seagate FireCuda 530 NVMe PCIe Gen4 x4 M.2 SSD | Corsair MP600 PRO LPX | PNY XLR8 CS3140 1TB M.2 NVMe SSD | WD Black SN850 Gen4 x4 NVMe PCIe M.2 SSD | Samsung 980 Pro 1TB PCIe NVMe Gen4 M.2 | MHQJRH M.2 2280 SSD heat sink,None,None,PNY XLR8 CS3140 1TB M.2 NVMe SSD | Lexar NM790 | Samsung 980 Pro with Heat Sink M.2 SSD | WD Black SN850 Gen4 x4 NVMe PCIe M.2 SSD | Corsair MP600 PRO LPX | Samsung 990 Pro with Heat Sink | MHQJRH M.2 2280 SSD heat sink | Seagate FireCuda 530 NVMe PCIe Gen4 x4 M.2 SSD | Samsung 980 Pro 1TB PCIe NVMe Gen4 M.2,0,9,9,0
https://www.cnet.com/home/energy-and-utilities/best-portable-solar-panels/,,,None,None,None,0,0,0,0
https://www.cnet.com/tech/home-entertainment/best-sounding-bluetooth-speakers/,Bose SoundLink Max | Soundcore by Anker Boom 2 | Bose SoundLink Flex (2nd Gen) | Beats Pill | Sony ULT Field 7 | Ultimate Ears Everboom | JBL Authentics 300 | Soundcore by Anker Boom 2 Plus | Tribit StormBox Flow | JBL Go 4 | Harman Kardon Luna | JBL PartyBox Stage 320 | Marshall Middleton | JBL Flip 6 | JBL Charge 5 | JBL PartyBox Club 120,,Harman Kardon Luna | Marshall Middleton | Soundcore by Anker Boom 2 | Soundcore by Anker Boom 2 Plus | Tribit StormBox Flow | Sony ULT Field 7 | JBL PartyBox Stage 320 | Ultimate Ears Everboom | Bose SoundLink Max | JBL Charge 5 | JBL Flip 6 | Beats Pill | JBL Go 4 | Bose SoundLink Flex (2nd Gen) | JBL Authentics 300 | JBL PartyBox Club 120,None,None,16,16,0,16
https://www.cnet.com/home/kitchen-and-household/best-coffee-subscriptions-and-coffee-clubs/,Atlas Coffee Club | Grounds and Hounds | Bean Box | Bean & Bean | Trade Coffee | Equator Coffee | MistoBox | Fellow Coffee,Atlas Coffee Club | Grounds and Hounds | Bean Box | Bean & Bean | Trade Coffee | Equator Coffee | MistoBox | Fellow Coffee,None,None,Equator Coffee | Trade Coffee | Grounds and Hounds | Atlas Coffee Club | Bean Box | Bean & Bean | MistoBox | Fellow Coffee,0,8,8,0
https://www.cnet.com/tech/mobile/best-foldable-phones/,Samsung Galaxy Z Fold 5 | Google Pixel Fold | Samsung Galaxy Z Flip 5 | Motorola Razr Plus (2023) | Motorola Razr 2023 | Oppo Find N3 Flip | OnePlus Open,Samsung Galaxy Z Fold 5 | Google Pixel Fold | Samsung Galaxy Z Flip 5 | Motorola Razr Plus | Motorola Razr 2023 | Oppo Find N3 Flip | OnePlus Open,Motorola Razr Plus (2023),Motorola Razr Plus,Oppo Find N3 Flip | OnePlus Open | Motorola Razr 2023 | Samsung Galaxy Z Flip 5 | Samsung Galaxy Z Fold 5 | Google Pixel Fold,2,7,7,0
https://www.cnet.com/roadshow/news/best-dash-cam/,Garmin Dash Cam Mini 2 | Nexar Beam | Vantrue N4 | Nextbase 622GW,,Nextbase 622GW | Garmin Dash Cam Mini 2 | Nexar Beam | Vantrue N4,None,None,4,4,0,4
https://www.cnet.com/health/sleep/best-alarm-clock/,,,None,None,None,0,0,0,0
https://www.cnet.com/home/kitchen-and-household/best-vacuum-cleaner/,Dyson V15 Detect | Dreametech D10 Plus | Roborock S8 Pro Ultra | Tineco A11 | iRobot Roomba J7 Plus | Eufy RoboVac 25C | Dirt Devil Grab & Go+ | Lubluelu 009 (Out of Stock),Dyson V15 Detect | Dreametech D10 Plus | Roborock S8 Pro Ultra | Tineco A11 | iRobot Roomba J7 Plus | Lubluelu 009 | Eufy RoboVac 25C | Dirt Devil Grab & Go+,Lubluelu 009 (Out of Stock),Lubluelu 009,Dirt Devil Grab & Go+ | Dreametech D10 Plus | iRobot Roomba J7 Plus | Roborock S8 Pro Ultra | Tineco A11 | Eufy RoboVac 25C | Dyson V15 Detect,2,8,8,0
https://www.cnet.com/tech/gaming/best-oculus-quest-2-head-strap/,,,None,None,None,0,0,0,0
https://www.cnet.com/home/electric-vehicles/best-electric-suv/,,,None,None,None,0,0,0,0
https://www.cnet.com/health/sleep/best-mattress-retailers/,,,None,None,None,0,0,0,0
https://www.cnet.com/tech/services-and-software/5-apps-tell-you-when-where-something-streaming-on-tv/,TV Time | JustWatch | Hobi | SeriesGuide | Cinetrak | What about privacy concerns? | Should I pay to upgrade for more tracking perks? | Why didn't Reelgood make this list?,TV Time | JustWatch | Hobi | SeriesGuide | Cinetrak | What about privacy concerns? | Should I pay to upgrade for more tracking perks? | Why didn't Reelgood make this list?,None,None,Should I pay to upgrade for more tracking perks? | SeriesGuide | Why didn't Reelgood make this list? | TV Time | JustWatch | Cinetrak | What about privacy concerns? | Hobi,0,8,8,0
https://www.cnet.com/tech/mobile/best-apple-airpods-max-alternatives/,Sony WH-1000XM5 | Sennheiser Momentum 4 Wireless | Beats Studio Pro | Bowers & Wilkins PX7 S2 | Sony CH-720N | Bose QuietComfort 45 | Soundcore by Anker Space Q45,Sony WH-1000XM5 | Sennheiser Momentum 4 Wireless | Beats Studio Pro | Bowers & Wilkins PX7 S2 | Sony CH-720N | Bose QuietComfort 45 | Apple AirPods Pro 2 | Bose QuietComfort Earbuds 2 | Soundcore by Anker Space Q45,None,Bose QuietComfort Earbuds 2 | Apple AirPods Pro 2,Sennheiser Momentum 4 Wireless | Sony CH-720N | Bowers & Wilkins PX7 S2 | Beats Studio Pro | Bose QuietComfort 45 | Soundcore by Anker Space Q45 | Sony WH-1000XM5,2,7,9,-2
https://www.cnet.com/health/parenting/best-baby-strollers/,,Baby Jogger City Mini GT2 Double | Wonderfold W4 Luxe | Chicco Corso | Veer Cruiser | Uppababy Minu V2 | Evenflo Pivot Xplore | Ergobaby Metro Plus | Evenflo Gold Otto | Chicco Cortina Together,None,Chicco Corso | Uppababy Minu V2 | Ergobaby Metro Plus | Chicco Cortina Together | Wonderfold W4 Luxe | Baby Jogger City Mini GT2 Double | Evenflo Pivot Xplore | Evenflo Gold Otto | Veer Cruiser,None,9,0,9,-9
https://www.cnet.com/tech/mobile/best-5g-phones/,Apple iPhone 16 Pro | Samsung Galaxy S24 | Apple iPhone 16 | Google Pixel 9 | Samsung Galaxy S24 Ultra | Google Pixel 8A | Motorola Razr Plus (2024) | Apple iPhone SE (2022) | Motorola Moto G Power (2024) | Google Pixel 9 Pro and 9 Pro XL | OnePlus 12,Apple iPhone 15 Pro | Samsung Galaxy S24 | iPhone 15 | Google Pixel 8 | Samsung Galaxy S24 Ultra | Samsung Galaxy Z Flip 5 | Samsung Galaxy A54 5G | OnePlus Nord N30 5G | Pixel 6A | Apple iPhone SE (2022) | Google Pixel 8 Pro | OnePlus 12,Google Pixel 9 | Motorola Razr Plus (2024) | Apple iPhone 16 Pro | Google Pixel 8A | Apple iPhone 16 | Google Pixel 9 Pro and 9 Pro XL | Motorola Moto G Power (2024),iPhone 15 | Samsung Galaxy A54 5G | Apple iPhone 15 Pro | OnePlus Nord N30 5G | Pixel 6A | Samsung Galaxy Z Flip 5 | Google Pixel 8 Pro | Google Pixel 8,Apple iPhone SE (2022) | OnePlus 12 | Samsung Galaxy S24 Ultra | Samsung Galaxy S24,15,11,12,-1
https://www.cnet.com/tech/home-entertainment/best-small-soundbar/,,Roku Streambar | Yamaha SR-C20A | Polk Audio MagniFi Mini | Sonos Ray,None,Polk Audio MagniFi Mini | Roku Streambar | Yamaha SR-C20A | Sonos Ray,None,4,0,4,-4
https://www.cnet.com/health/best-led-face-masks/,Omnilux Contour Face | TheraFace Mask | Omnilux Clear | DRx SpectraLite Faceware Pro | Omnilux Men,,Omnilux Contour Face | TheraFace Mask | Omnilux Men | Omnilux Clear | DRx SpectraLite Faceware Pro,None,None,5,5,0,5
https://www.cnet.com/tech/mobile/best-samsung-galaxy-s23-s23-plus-and-s23-ultra-cases/,Speck Cases | Clckr Stand and Grip cases | Urban Armor Gear Plyo case | Gear4 cases | Spigen cases | OtterBox cases for Galaxy S23 | Samsung Clear Gadget case | ESR Kickstand case | Cyrill cases | Incipio cases | Rokform S23 Rugged case | OtterBox Strada,Speck Cases | Clckr Stand and Grip cases | Urban Armor Gear Plyo case | Gear4 cases | Spigen cases | OtterBox cases for Galaxy S23 | Samsung Clear Gadget case | ESR Kickstand case | Cyrill cases | Incipio cases | Rokform S23 Rugged case | OtterBox Strada | Samsung Frame case (Update: Currently Out of Stock) | Samsung leather case (Update: Currently Out of Stock) | Mous magnetic-connection cases (Update: Currently Not Sold) | Peak Design Everyday case (Update: Out of Stock),None,Samsung Frame case (Update: Currently Out of Stock) | Mous magnetic-connection cases (Update: Currently Not Sold) | Peak Design Everyday case (Update: Out of Stock) | Samsung leather case (Update: Currently Out of Stock),Gear4 cases | Spigen cases | Incipio cases | OtterBox cases for Galaxy S23 | Rokform S23 Rugged case | OtterBox Strada | Speck Cases | Clckr Stand and Grip cases | Samsung Clear Gadget case | ESR Kickstand case | Urban Armor Gear Plyo case | Cyrill cases,4,12,16,-4
https://www.cnet.com/tech/mobile/best-iphone-16-and-iphone-16-pro-cases-for-2024/,Otterbox Symmetry Series | Speck Presidio ClickLock cases | ESR Kickstand case | Zagg cases | Spigen Ultra Hybrid MagFit | Cyrill UltraSheer Mag | Rokform | Torras cases | Caseology Capella Mag Kickstand | Casely cases | Peak Design Everyday iPhone 16 cases | Nomad cases | Moft Movas | Incase iPhone 16 cases | Incipio cases | Smartish cases | Totallee cases,,Casely cases | Spigen Ultra Hybrid MagFit | Cyrill UltraSheer Mag | Nomad cases | Peak Design Everyday iPhone 16 cases | ESR Kickstand case | Rokform | Smartish cases | Totallee cases | Incase iPhone 16 cases | Otterbox Symmetry Series | Moft Movas | Zagg cases | Speck Presidio ClickLock cases | Caseology Capella Mag Kickstand | Incipio cases | Torras cases,None,None,17,17,0,17
https://www.cnet.com/health/sleep/best-comforters/,,,None,None,None,0,0,0,0
https://www.cnet.com/home/internet/best-internet-providers-for-gaming/,,,None,None,None,0,0,0,0
https://www.cnet.com/home/yard-and-outdoors/best-camping-gear/,Olight Baton 3 Pro | Anker 733 Power Bank | Burch Barrel Flat Packer | Solo Stove Mesa | Anker Solix C800 Plus | Bluetti AC240P Portable Power Station | Weber Q-1200 Portable Gas Grill | GCI Outdoor Slim Fold Table | GCI Outdoor Freestyle Camping Chair | Anymaka Portable Hammock Stand,,GCI Outdoor Slim Fold Table | Bluetti AC240P Portable Power Station | Solo Stove Mesa | GCI Outdoor Freestyle Camping Chair | Burch Barrel Flat Packer | Weber Q-1200 Portable Gas Grill | Anker Solix C800 Plus | Olight Baton 3 Pro | Anker 733 Power Bank | Anymaka Portable Hammock Stand,None,None,10,10,0,10
https://www.cnet.com/tech/computing/best-lenovo-laptop/,Lenovo Yoga 7 14 Gen 9 | Lenovo ThinkPad X1 Carbon Gen 11 | Lenovo Yoga 9i 14 Gen 9 | Lenovo Yoga 7 16 Gen 9 | Lenovo ThinkPad X1 Fold 16,Lenovo Slim Pro 7 | Lenovo ThinkPad X1 Carbon Gen 11 | Lenovo ThinkPad Z13 Gen 2 | Lenovo Slim Pro 9i 14 | Lenovo Yoga 7i 16 | Lenovo ThinkPad X1 Fold 16,Lenovo Yoga 9i 14 Gen 9 | Lenovo Yoga 7 16 Gen 9 | Lenovo Yoga 7 14 Gen 9,Lenovo ThinkPad Z13 Gen 2 | Lenovo Yoga 7i 16 | Lenovo Slim Pro 7 | Lenovo Slim Pro 9i 14,Lenovo ThinkPad X1 Carbon Gen 11 | Lenovo ThinkPad X1 Fold 16,7,5,6,-1
https://www.cnet.com/home/electric-vehicles/best-plug-in-hybrid-evs-for-2024/,,,None,None,None,0,0,0,0
https://www.cnet.com/home/kitchen-and-household/best-travel-coffee-mugs/,Zojirushi Stainless Steel Mug | Miir Flip Traveler | Yeti Rambler | Contigo West Loop | KeepCup | Hydro Flask Flex Sip | S'well Tumbler,Zojirushi Stainless Steel Mug | Miir Flip Traveler | Yeti Rambler | Contigo West Loop | KeepCup | Hydro Flask Flex Sip | S'well Tumbler,None,None,Zojirushi Stainless Steel Mug | Yeti Rambler | Miir Flip Traveler | Hydro Flask Flex Sip | Contigo West Loop | KeepCup | S'well Tumbler,0,7,7,0
https://www.cnet.com/tech/mobile/best-samsung-galaxy-s22-s22-plus-and-s22-ultra-cases/,Speck Cases | Gear4 Cases | Spigen Cases | OtterBox Commuter Series | Rokform S22 Rugged Case | Raptic Shield | Samsung Clear Standing Cover | Samsung Leather Cover | Otterbox Strada | Cyrill Cases | ESR Kickstand Case | LifeProof Wake | Mous Limitless 3.0,Speck Cases | Gear4 Cases | Spigen Cases | OtterBox Commuter Series | Rokform S22 Rugged Case | Raptic Shield | Samsung Clear Standing Cover | Samsung Leather Cover | Otterbox Strada | Cyrill Cases | ESR Kickstand Case | LifeProof Wake | Mous Limitless 3.0,None,None,Cyrill Cases | Otterbox Strada | Samsung Leather Cover | Gear4 Cases | LifeProof Wake | OtterBox Commuter Series | Rokform S22 Rugged Case | ESR Kickstand Case | Spigen Cases | Samsung Clear Standing Cover | Mous Limitless 3.0 | Speck Cases | Raptic Shield,0,13,13,0
https://www.cnet.com/health/fitness/best-compression-socks/,Pro Compression Marathon Compression Socks | Lily Trotters Signature Collection | Zensah Tech Plus Compression Socks | Sockwell Elevation Graduated Compression Socks | Pro Compression Midlength Sock | Physix Gear Compression Socks | Swiftwick Aspire Twelve,Pro Compression Marathon Compression Socks | Lily Trotters Signature Collection | Zensah Tech Plus Compression Socks | Sockwell Elevation Graduated Compression Socks | Pro Compression Midlength Sock | Physix Gear Compression Socks | Swiftwick Aspire Twelve,None,None,Pro Compression Marathon Compression Socks | Physix Gear Compression Socks | Sockwell Elevation Graduated Compression Socks | Pro Compression Midlength Sock | Zensah Tech Plus Compression Socks | Swiftwick Aspire Twelve | Lily Trotters Signature Collection,0,7,7,0
https://www.cnet.com/tech/mobile/best-iphone-12-cases/,Speck Cases | Spigen Ultra Hybrid | Cyrill Cases | OtterBox Symmetry Series | Casely Cases | Apple Cases with MagSafe | KerfCase Plywood Case | Gear4 | X-Doria Raptic Cases | Casetify Cases | Rokform | BodyGuardz Cases | Smartish Cases | Torro Cases | Catalyst Vibe and Influence | Nomad Cases | Smartish Crossbody Case | Incipio Cases | Nimble Disc Case | Case-Mate Cases | Halo LuMee x Paris Hilton | Pelican Cases | Moment Cases | Moshi Cases | Clckr Cases (out of stock) | Wildflower x Coachella Case (out of stock),Speck Cases | Spigen Ultra Hybrid | Clckr Cases | Cyrill Cases | OtterBox Symmetry Series | Casely Cases | Apple Cases with MagSafe | KerfCase Plywood Case | Gear4 | X-Doria Raptic Cases | Casetify Cases | Rokform | BodyGuardz Cases | Smartish Cases | Torro Cases | Catalyst Vibe and Influence | Nomad Cases | Smartish Crossbody Case | Incipio Cases | Nimble Disc Case | Case-Mate Cases | Halo LuMee x Paris Hilton | Pelican Cases | Moment Cases | Razer Arctech Pro | Moshi Cases | Wildflower x Coachella Case | YouMaker Clear Case,Wildflower x Coachella Case (out of stock) | Clckr Cases (out of stock),Razer Arctech Pro | YouMaker Clear Case | Wildflower x Coachella Case | Clckr Cases,Cyrill Cases | Catalyst Vibe and Influence | Casetify Cases | Apple Cases with MagSafe | Gear4 | Nomad Cases | OtterBox Symmetry Series | Casely Cases | Spigen Ultra Hybrid | Rokform | Speck Cases | Torro Cases | BodyGuardz Cases | Smartish Crossbody Case | Moshi Cases | Halo LuMee x Paris Hilton | Case-Mate Cases | KerfCase Plywood Case | Nimble Disc Case | Smartish Cases | X-Doria Raptic Cases | Incipio Cases | Pelican Cases | Moment Cases,6,26,28,-2
https://www.cnet.com/home/internet/best-fiber-internet/,,,None,None,None,0,0,0,0
https://www.cnet.com/tech/home-entertainment/best-tv-for-ps5-and-xbox-series-x-series-s/,LG OLED C3 series | Vizio Quantum Pro | TCL QM8 | Hisense U8K series,LG OLED C3 series | Vizio Quantum Pro | TCL QM8 | TCL QM8 | Hisense U8K series,None,None,LG OLED C3 series | Hisense U8K series | TCL QM8 | Vizio Quantum Pro,0,4,5,-1
https://www.cnet.com/health/sleep/best-air-mattress/,SoundAsleep Dream Series | Intex Deluxe Comfort Dura-Beam | Intex Dura-Beam Plus | Serta Raised Air Mattress,,Intex Deluxe Comfort Dura-Beam | Serta Raised Air Mattress | Intex Dura-Beam Plus | SoundAsleep Dream Series,None,None,4,4,0,4
https://www.cnet.com/tech/services-and-software/best-sneaker-and-streetwear-resale-apps/,GOAT | eBay | StockX | Grailed | Stadium Goods,GOAT | eBay | StockX | Grailed | Stadium Goods,None,None,Stadium Goods | Grailed | GOAT | StockX | eBay,0,5,5,0
https://www.cnet.com/health/sleep/best-heated-blankets/,,,None,None,None,0,0,0,0
https://www.cnet.com/health/best-essential-oil-diffuser/,"Now Ultrasonic Real Bamboo Essential Oil Diffuser | SpaRoom PureMist Essential Oil Diffuser | Stadler Form Julia Diffuser | Asakuki Smart Wi-Fi Essential Oil Diffuser | Exqline 1,500ml Essential Oil Diffuser | Eco Nebulizing Diffuser | AromaTech AroMini Bluetooth Scent Machine | SpaRoom Aromafier [Out of Stock]","Now Ultrasonic Real Bamboo Essential Oil Diffuser | SpaRoom PureMist Essential Oil Diffuser | Stadler Form Julia Diffuser | Asakuki Smart Wi-Fi Essential Oil Diffuser | Exqline 1,500ml Essential Oil Diffuser | AromaTech AroMini Bluetooth Scent Machine | Eco Nebulizing Diffuser | SpaRoom Aromafier (Update: Temporarily out of stock)",SpaRoom Aromafier [Out of Stock],SpaRoom Aromafier (Update: Temporarily out of stock),"Stadler Form Julia Diffuser | Now Ultrasonic Real Bamboo Essential Oil Diffuser | Exqline 1,500ml Essential Oil Diffuser | SpaRoom PureMist Essential Oil Diffuser | Eco Nebulizing Diffuser | Asakuki Smart Wi-Fi Essential Oil Diffuser | AromaTech AroMini Bluetooth Scent Machine",2,8,8,0
https://www.cnet.com/home/9-hard-to-kill-houseplants-that-will-let-you-live-your-life/,Zamioculcas zamiifolia | Chamaedorea elegans | Monstera siltepecana | Hoya carnosa | Aglaonema Siam Pink | Scindapsus pictus exotica | Sansevieria | Peperomia obtusifolia | Philodendron Brasil,,Scindapsus pictus exotica | Peperomia obtusifolia | Philodendron Brasil | Hoya carnosa | Monstera siltepecana | Sansevieria | Zamioculcas zamiifolia | Aglaonema Siam Pink | Chamaedorea elegans,None,None,9,9,0,9
https://www.cnet.com/home/kitchen-and-household/best-beer-subscription-boxes/,Craft Beer Club | Beer Drop | Brewvana by City Brew Tours | The Hop-Heads Beer Club | The Rare Beer Club,Craft Beer Club | Beer Drop | Brewvana | The Hop-Heads Beer Club | The Rare Beer Club,Brewvana by City Brew Tours,Brewvana,The Rare Beer Club | Craft Beer Club | The Hop-Heads Beer Club | Beer Drop,2,5,5,0
https://www.cnet.com/health/fitness/best-mirror-workout/,Lululemon Studio Mirror | Forme Studio,Lululemon Studio Mirror | Forme Studio,None,None,Lululemon Studio Mirror | Forme Studio,0,2,2,0
https://www.cnet.com/tech/computing/best-laptop-for-high-school-students/,Apple MacBook Air M3 | Microsoft Surface Laptop 7 | Apple MacBook Air M1 | Dell Inspiron 14 Plus 7441 | HP Pavilion Plus 14 | Lenovo Slim 7i | Acer Chromebook Spin 714 | Acer Aspire Go 14 | Acer Swift X 14 | Acer Predator Helios Neo 16,Apple MacBook Air M1 | HP Pavilion Plus 14 | HP Pavilion Aero 13 | Acer Chromebook Spin 714 | Acer Swift X 14 | Acer Predator Helios Neo 16,Apple MacBook Air M3 | Microsoft Surface Laptop 7 | Lenovo Slim 7i | Dell Inspiron 14 Plus 7441 | Acer Aspire Go 14,HP Pavilion Aero 13,Acer Chromebook Spin 714 | Acer Predator Helios Neo 16 | Acer Swift X 14 | HP Pavilion Plus 14 | Apple MacBook Air M1,6,10,6,4
https://www.cnet.com/tech/services-and-software/best-anime-streaming-service/,Crunchyroll | Hulu | Netflix | Hidive,Crunchyroll | Hulu | Netflix | Hidive,None,None,Crunchyroll | Netflix | Hulu | Hidive,0,4,4,0
https://www.cnet.com/health/best-sad-light-therapy-lamp/,Verilux HappyLight Luxe | Verilux HappyLight Lumi VT31 | Circadian Optics Lumos Therapy Lamp | Northern Light Technologies Boxelite | Verilux HappyLight Alba | Theralite | Carex Day-light Classic Plus Light Therapy Lamp,Verilux HappyLight Luxe | Verilux HappyLight Lumi VT31 | Circadian Optics Lumos Therapy Lamp | Northern Light Technologies Boxelite | Verilux HappyLight Alba | Theralite | Carex Day-light Classic Plus Light Therapy Lamp,None,None,Northern Light Technologies Boxelite | Verilux HappyLight Lumi VT31 | Circadian Optics Lumos Therapy Lamp | Verilux HappyLight Alba | Carex Day-light Classic Plus Light Therapy Lamp | Theralite | Verilux HappyLight Luxe,0,7,7,0
https://www.cnet.com/tech/mobile/best-bone-conduction-headphones/,Shokz OpenRun Pro | Shokz OpenMove Bone Conduction Headphones | Shokz OpenComm 2 UC | Shokz OpenRun | Shokz OpenRun Mini | Shokz OpenSwim,Shokz OpenRun Pro | Shokz OpenMove Bone Conduction Headphones | Shokz OpenComm 2 UC | Shokz OpenRun,Shokz OpenSwim | Shokz OpenRun Mini,None,Shokz OpenMove Bone Conduction Headphones | Shokz OpenComm 2 UC | Shokz OpenRun | Shokz OpenRun Pro,2,6,4,2
https://www.cnet.com/tech/computing/best-e-reader/,Kindle Paperwhite (2024) | Amazon Kindle (2024) | Kindle Colorsoft | Amazon Kindle Scribe (2024) | Kobo Libra Colour | Kobo Clara BW | Kobo Elipsa 2E,Amazon Kindle (2022) | Kindle Paperwhite (2021) | Amazon Kindle Scribe | Kobo Clara 2E | Kobo Libra 2 | Kobo Elipsa 2E | Kindle Oasis,Kindle Paperwhite (2024) | Kindle Colorsoft | Amazon Kindle (2024) | Kobo Libra Colour | Amazon Kindle Scribe (2024) | Kobo Clara BW,Kobo Clara 2E | Kobo Libra 2 | Kindle Paperwhite (2021) | Amazon Kindle Scribe | Amazon Kindle (2022) | Kindle Oasis,Kobo Elipsa 2E,12,7,7,0
https://www.cnet.com/health/sleep/best-white-noise-machines/,,,None,None,None,0,0,0,0
https://www.cnet.com/home/kitchen-and-household/best-flashlight/,Olight Baton 3 Pro | ThruNite Archer 2A V3 | LE Rechargeable LED Camping Lantern | Fenix PD36R Pro,Olight Baton 3 Pro | ThruNite Archer 2A V3 | LE Rechargeable LED Camping Lantern | Fenix PD36R Pro,None,None,Olight Baton 3 Pro | LE Rechargeable LED Camping Lantern | Fenix PD36R Pro | ThruNite Archer 2A V3,0,4,4,0
https://www.cnet.com/home/internet/best-internet-providers-in-denver-co/,,,None,None,None,0,0,0,0
https://www.cnet.com/tech/mobile/best-usb-car-charger/,Aukey CC-Y48 Dual Car Charger (48W) | Satechi ST-TCPDCCS (72W) | Anker PowerDrive Speed Plus (49W) | Monoprice 2-Port USB Car Charger (39W) | Aukey CC-A3 Dual-Port Car Charger (30W),Aukey CC-Y48 Dual Car Charger (48W) | Satechi ST-TCPDCCS (72W) | Anker PowerDrive Speed Plus (49W) | Monoprice 2-Port USB Car Charger (39W) | Aukey CC-A3 Dual-Port Car Charger (30W),None,None,Monoprice 2-Port USB Car Charger (39W) | Satechi ST-TCPDCCS (72W) | Aukey CC-A3 Dual-Port Car Charger (30W) | Anker PowerDrive Speed Plus (49W) | Aukey CC-Y48 Dual Car Charger (48W),0,5,5,0
https://www.cnet.com/tech/home-entertainment/best-soundbars-to-enhance-tv-dialogue/,Zvox SB500 | Polk React | Yamaha SR-C20A | Bose Smart Soundbar,Zvox SB500 | Polk React | Yamaha SR-C20A | Bose Smart Soundbar 600,Bose Smart Soundbar,Bose Smart Soundbar 600,Polk React | Yamaha SR-C20A | Zvox SB500,2,4,4,0
https://www.cnet.com/culture/entertainment/best-strategy-board-games/,Windward | Star Wars: Shatterpoint | Small World | Twilight Struggle | Agricola | Food Chain Magnate | Star Wars: Imperial Assault | Rising Sun | The Castles of Burgundy (out of stock) | Gaia Project (out of stock),,Windward | Agricola | Gaia Project (out of stock) | Rising Sun | Star Wars: Shatterpoint | The Castles of Burgundy (out of stock) | Food Chain Magnate | Star Wars: Imperial Assault | Small World | Twilight Struggle,None,None,10,10,0,10
https://www.cnet.com/home/smart-home/best-outdoor-smart-plugs/,TP-Link Kasa Outdoor Smart Plug | Braumm Outdoor Smart Plug (Out of Stock) | Wyze Plug Outdoor (Out of Stock) | WeMo Smart Outdoor Plug (Out of Stock) | How does a smart plug work? | Can I use a regular smart plug outdoors? | Do I need Wi-Fi?,TP-Link Kasa Outdoor Smart Plug | Braumm Outdoor Smart Plug | Wyze Plug Outdoor | WeMo Smart Outdoor Plug (Update: Currently Unavailable) | How does a smart plug work? | Can I use a regular smart plug outdoors? | Do I need Wi-Fi?,WeMo Smart Outdoor Plug (Out of Stock) | Wyze Plug Outdoor (Out of Stock) | Braumm Outdoor Smart Plug (Out of Stock),Wyze Plug Outdoor | WeMo Smart Outdoor Plug (Update: Currently Unavailable) | Braumm Outdoor Smart Plug,TP-Link Kasa Outdoor Smart Plug | Can I use a regular smart plug outdoors? | Do I need Wi-Fi? | How does a smart plug work?,6,7,7,0
https://www.cnet.com/home/kitchen-and-household/best-smart-ovens/,Tovala Smart Oven | June Oven (2nd-gen),Tovala Smart Oven | June Oven (2nd-gen),None,None,June Oven (2nd-gen) | Tovala Smart Oven,0,2,2,0
https://www.cnet.com/home/kitchen-and-household/best-bread-slicers/,"Norpro bread slicer with crumb catcher | French bread server, slicer and display tray | America's Bread Slicer | Kitchen Seven bamboo bread slicer with crumb tray","Norpro bread slicer with crumb catcher | French bread server, slicer and display tray | America's Bread Slicer | Kitchen Seven bamboo bread slicer with crumb tray",None,None,"Norpro bread slicer with crumb catcher | America's Bread Slicer | French bread server, slicer and display tray | Kitchen Seven bamboo bread slicer with crumb tray",0,4,4,0
https://www.cnet.com/health/medical/best-glucose-meter/,Freestyle Libre | Dexcom | Contour Next One Blood Glucose Monitor System | All-in-one kit (out of stock) | ReliOn Prime (out of stock),Continuous blood glucose monitoring system | Smartphone or Apple Watch compatible | Simple and affordable monitor | Most affordable option | All-in-one kit,Freestyle Libre | Contour Next One Blood Glucose Monitor System | All-in-one kit (out of stock) | ReliOn Prime (out of stock) | Dexcom,Continuous blood glucose monitoring system | All-in-one kit | Smartphone or Apple Watch compatible | Most affordable option | Simple and affordable monitor,None,10,5,5,0
https://www.cnet.com/health/nutrition/best-keto-meal-delivery/,Factor 75 | Green Chef | Pete's Real Food | Home Chef | ButcherBox | Fresh N Lean (Discontinued),Fresh N Lean | Green Chef | Factor 75 | Home Chef | Pete's Real Food | Fresh N Lean | ButcherBox,Fresh N Lean (Discontinued),Fresh N Lean,ButcherBox | Home Chef | Pete's Real Food | Green Chef | Factor 75,2,6,7,-1
https://www.cnet.com/roadshow/news/best-fuel-injector-cleaner/,,,None,None,None,0,0,0,0
https://www.cnet.com/health/sleep/best-waterproof-mattress-protectors/,,,None,None,None,0,0,0,0
https://www.cnet.com/tech/mobile/best-sony-headphones-and-earbuds/,Sony WH-1000XM5 | Sony WF-1000XM4 | Sony CH-720N | Sony CH-520 | Sony LinkBuds S | Sony WH-1000XM4 | Sony LinkBuds | Sony C500 | Sony WH-XB910N | Sony MDR-7506 | Sony MDR-Z7M2 | Sony MDR-ZX110,Sony WH-1000XM5 | Sony WF-1000XM4 | Sony CH-720N | Sony CH-520 | Sony LinkBuds S | Sony WH-1000XM4 | Sony LinkBuds | Sony C500 | Sony WH-XB910N | Sony MDR-7506 | Sony MDR-Z7M2 | Sony MDR-ZX110,None,None,Sony WF-1000XM4 | Sony WH-XB910N | Sony CH-720N | Sony WH-1000XM4 | Sony MDR-Z7M2 | Sony LinkBuds | Sony MDR-7506 | Sony CH-520 | Sony MDR-ZX110 | Sony C500 | Sony LinkBuds S | Sony WH-1000XM5,0,12,12,0
https://www.cnet.com/tech/computing/best-laptop-for-business/,Lenovo ThinkPad X1 Carbon Gen 11 | HP Dragonfly G4 | Apple MacBook Pro 16 | Asus ROG Zephyrus G14 | Lenovo Slim Pro 7,Lenovo ThinkPad X1 Carbon Gen 11 | HP Dragonfly G4 | Apple MacBook Pro 16 | Asus ROG Zephyrus G14 | Lenovo Slim Pro 7,None,None,Lenovo ThinkPad X1 Carbon Gen 11 | Asus ROG Zephyrus G14 | Apple MacBook Pro 16 | HP Dragonfly G4 | Lenovo Slim Pro 7,0,5,5,0
https://www.cnet.com/tech/services-and-software/best-online-dating-apps/#toc-link-0-best-dating-apps-for-2024,,,None,None,None,0,0,0,0
https://www.cnet.com/tech/computing/best-usb-c-hub-docking-station/,EZQuest USB-C Multimedia 8-Port Hub | Monoprice 6-in-1 USB-C Multiport 4K HDMI Adapter | Accell Thunderbolt 4 Docking Station | Plugable 5-in-1 USB-C MagSafe Hub | CalDigit Thunderbolt 4 Element Hub | Ugreen USB-C Triple Display Docking Station | Anker PowerExpand Elite Docking Station | Lention CB-C37 USB-C Hub | EZQuest Ultimate Plus 12-Port USB Type-C Multimedia Hub | Satechi USB-C Slim Dock for 24-inch iMac,EZQuest USB-C Multimedia 8-Port Hub | Monoprice 6-in-1 USB-C Multiport 4K HDMI Adapter | Accell Thunderbolt 4 Docking Station | Plugable 5-in-1 USB-C MagSafe Hub | CalDigit Thunderbolt 4 Element Hub | Ugreen USB-C Triple Display Docking Station | Anker PowerExpand Elite Docking Station | Lention CB-C37 USB-C Hub | EZQuest Ultimate Plus 12-Port USB Type-C Multimedia Hub | Satechi USB-C Slim Dock for 24-inch iMac,None,None,EZQuest USB-C Multimedia 8-Port Hub | Accell Thunderbolt 4 Docking Station | Ugreen USB-C Triple Display Docking Station | CalDigit Thunderbolt 4 Element Hub | Satechi USB-C Slim Dock for 24-inch iMac | Anker PowerExpand Elite Docking Station | Lention CB-C37 USB-C Hub | Monoprice 6-in-1 USB-C Multiport 4K HDMI Adapter | EZQuest Ultimate Plus 12-Port USB Type-C Multimedia Hub | Plugable 5-in-1 USB-C MagSafe Hub,0,10,10,0
https://www.cnet.com/home/security/best-home-pet-cams/,Furbo 360-Degree Cam with Subscription | Eufy D605 Security Pet Camera | Petcube Bites 2 Lite | Google Nest Cam,,Google Nest Cam | Eufy D605 Security Pet Camera | Petcube Bites 2 Lite | Furbo 360-Degree Cam with Subscription,None,None,4,4,0,4
https://www.cnet.com/health/mental/best-mental-health-apps/,Talkspace | Calm | Moodfit | Happify | MindShift | Soaak | Shine | Sanvello,Talkspace | Calm | Moodfit | Sanvello | Happify | MindShift | Shine | What are mental health apps? | Are mental health apps effective? | What are the benefits of mental health apps? | Will mental health apps be the end of therapy? | Do mental health apps share your data? | Should you use a mental health app?,Soaak,Should you use a mental health app? | What are the benefits of mental health apps? | Will mental health apps be the end of therapy? | What are mental health apps? | Are mental health apps effective? | Do mental health apps share your data?,Calm | Happify | Sanvello | Talkspace | Shine | Moodfit | MindShift,7,8,13,-5
https://www.cnet.com/health/sleep/best-mattress-for-stomach-sleepers/,The WinkBed | Saatva Classic | Nolah Original | Helix Plus | Purple Restore Hybrid | Bear Original | Allswell mattress,,Helix Plus | Allswell mattress | The WinkBed | Nolah Original | Purple Restore Hybrid | Bear Original | Saatva Classic,None,None,7,7,0,7
https://www.cnet.com/home/internet/best-internet-providers-in-houston-tx/,,,None,None,None,0,0,0,0
https://www.cnet.com/health/sleep/best-cheap-mattress/,Allswell | Dreamfoam Hybrid | Nectar Luxe mattress | Dreamfoam Doze | Cocoon Chill | Lucid Gel Memory Foam,,Lucid Gel Memory Foam | Dreamfoam Hybrid | Allswell | Nectar Luxe mattress | Cocoon Chill | Dreamfoam Doze,None,None,6,6,0,6
https://www.cnet.com/tech/mobile/best-ski-gear-tech/,BOA H-Plus i1 Fit System for ski boots | Rossignol ski boots with Step-In Technology | Carv 2 | Yardsale ski poles | GoPro Hero 13 Black | Insta360 Go 3S | Insta360 X4 | Aleck Nunchucks | Outdoor Technology Chips 3.0 | Sony LinkBuds Fit | Jabra Elite 8 Active Gen 2 | POC Obex Connect | Giro Orbit (Aria for Women) | Smith Method Pro helmet | Poc Calyx | Giro Jackson | Mophie PowerStation Plus Mini | Anker Nano Power Bank (USB-C) | Phoozy Thermal Case | Anker Nano Power Bank 10K | Anker 622 MagGo magnetic battery | Smith 4D MAG XL | Anon M5 Low Bridge Fit with MFI ski mask | Poc Nexal | Spy Marauder Elite | Glade Adapt 2 goggles with Photochromic Lens | Bollé Torus Goggles | Giro Method Goggles | Zeal Optics Goggles | Gordini Forge heated ski gloves | Seirus HeatWave Glove Liner | Gordini Cirque 3-finger | Seirus Magne Mitt Heatwave Plus Soundtouch Summit | Outdoor Research Super Couloir Gore-Tex Sensor gloves | Dakine Baron Gore-Tex Index | Seirus HeatTouch Hellfire | Theragun Mini 2.0 | Hyperice Hypervolt Go 2 | Smith Venture | Spy Helm Tech | Smith XC | Smith Wildcat | Helly Hansen Elevation Infinity 3.0 | Stio Environ Jacket | Mountain Hardwear Storm Whisperer | Mammut Sender IN | Montane Fireball Lite Insulated Hooded Jacket | Outdoor Research SuperStrand LT | Ibex Wool Aire Hoodie | Mystery Ranch D-Route | USWE Flow 16L Backpack | CamelBak Zoid | Garmin inReach Mini 2 | Garmin InReach Messenger | Mammut Barryvox S2 | Beringia Diomede Base Layers | Seirus Heatwave Mapped Base Layer | Seirus Balaclava Prints,GoPro Hero 11 | Oclu action cam | Akaso Brave 7 LE | Insta360 X3 | Aleck Nunchucks | Outdoor Technology Chips 3.0 | Sony LinkBuds S | JBL Live Free 2 | Carv Digital Ski Instructor | Giro Orbit (Aria for Women) | Smith Code Helmet | Giro Jackson | Smith Survey helmet | Atomic Redster CTD | Phoozy Thermal Case | Infinity Lab InstantGo 5000 | MyCharge Superhero MagLock | Anker 622 MagGo magnetic battery | Otterbox Fre with MagSafe | Smith 4D MAG S | Spy Marauder Elite | Glade Adapt 2 goggles with Photochromic Lens | Smith I/O MAG XL | Bollé Torus Goggles | Giro Method Goggles | Zeal Optics Goggles | Eddie Bauer Guide Pro Smart Heated Gloves and Mitts | Seirus HeatWave Glove Liner | Seirus Magne Mitt Heatwave Plus Soundtouch Summit | Outdoor Research Super Couloir Gore-Tex Sensor gloves | Dakine Baron Gore-Tex Index | Seirus HeatTouch Hellfire | Theragun Mini Massage Gun | Mountain Hardwear Stretchdown Light Shacket | Hyperice Hypervolt Go 2 | Rossignol Chalet winter slippers | Smith XC | Spy Helm Tech | Smith Wildcat Sunglasses | Helly Hansen Elevation Infinity 3.0 | Stio Environ Jacket | Montane Fireball Lite Insulated Hooded Jacket | Outdoor Research SuperStrand LT | Ibex Wool Aire Hoodie | Mystery Ranch D-Route | USWE Flow 16L Backpack | CamelBak Zoid | Garmin inReach Mini 2 | Garmin InReach Messenger | Beringia Diomede Base Layers | Seirus Heatwave Mapped Base Layer | Seirus Dynamix Quick Headliner,Gordini Cirque 3-finger | Poc Nexal | Anker Nano Power Bank 10K | Mammut Sender IN | Smith Wildcat | Seirus Balaclava Prints | Yardsale ski poles | Insta360 X4 | Poc Calyx | Mammut Barryvox S2 | Gordini Forge heated ski gloves | Anon M5 Low Bridge Fit with MFI ski mask | Smith 4D MAG XL | BOA H-Plus i1 Fit System for ski boots | Mophie PowerStation Plus Mini | Smith Venture | POC Obex Connect | Mountain Hardwear Storm Whisperer | Sony LinkBuds Fit | Theragun Mini 2.0 | Carv 2 | GoPro Hero 13 Black | Jabra Elite 8 Active Gen 2 | Rossignol ski boots with Step-In Technology | Smith Method Pro helmet | Anker Nano Power Bank (USB-C) | Insta360 Go 3S,Akaso Brave 7 LE | Insta360 X3 | Smith Wildcat Sunglasses | Otterbox Fre with MagSafe | Carv Digital Ski Instructor | Sony LinkBuds S | JBL Live Free 2 | Rossignol Chalet winter slippers | MyCharge Superhero MagLock | Oclu action cam | Smith I/O MAG XL | GoPro Hero 11 | Eddie Bauer Guide Pro Smart Heated Gloves and Mitts | Smith Code Helmet | Mountain Hardwear Stretchdown Light Shacket | Smith 4D MAG S | Seirus Dynamix Quick Headliner | Infinity Lab InstantGo 5000 | Atomic Redster CTD | Theragun Mini Massage Gun | Smith Survey helmet,Spy Marauder Elite | Garmin inReach Mini 2 | Stio Environ Jacket | Montane Fireball Lite Insulated Hooded Jacket | Phoozy Thermal Case | Mystery Ranch D-Route | Seirus HeatWave Glove Liner | Hyperice Hypervolt Go 2 | Giro Orbit (Aria for Women) | Garmin InReach Messenger | Smith XC | Spy Helm Tech | Seirus Heatwave Mapped Base Layer | Glade Adapt 2 goggles with Photochromic Lens | Outdoor Research Super Couloir Gore-Tex Sensor gloves | Anker 622 MagGo magnetic battery | Bollé Torus Goggles | Helly Hansen Elevation Infinity 3.0 | Zeal Optics Goggles | Beringia Diomede Base Layers | Dakine Baron Gore-Tex Index | Aleck Nunchucks | Ibex Wool Aire Hoodie | CamelBak Zoid | Seirus HeatTouch Hellfire | Seirus Magne Mitt Heatwave Plus Soundtouch Summit | USWE Flow 16L Backpack | Outdoor Technology Chips 3.0 | Giro Method Goggles | Giro Jackson | Outdoor Research SuperStrand LT,48,58,52,6
https://www.cnet.com/health/medical/best-earplugs-to-prevent-hearing-loss/,Minuendo adjustable earplugs | Loop Quiet | Vibes Hi-Fidelity earplugs | Decibullz custom-molded earplugs,Minuendo adjustable earplugs | Loop Quiet | Vibes Hi-Fidelity earplugs | Decibullz custom-molded earplugs,None,None,Decibullz custom-molded earplugs | Minuendo adjustable earplugs | Loop Quiet | Vibes Hi-Fidelity earplugs,0,4,4,0
https://www.cnet.com/tech/home-entertainment/best-4k-projector/,Epson Home Cinema 5050UB | Epson Home Cinema LS11000 | Sony VPL-VW325ES | Optoma UHZ50 | Optoma UHD35,Epson Home Cinema 5050UB | Epson Home Cinema LS11000 | Sony VPL-VW325ES | Optoma UHZ50 | Optoma UHD35,None,None,Optoma UHZ50 | Epson Home Cinema 5050UB | Epson Home Cinema LS11000 | Sony VPL-VW325ES | Optoma UHD35,0,5,5,0
https://www.cnet.com/health/sleep/best-hotel-mattresses/,WinkBed mattress | Helix Midnight Luxe | Saatva Classic | Nolah Evolution 15 | Nest Bedding Sparrow | Brooklyn Bedding Aurora Luxe,,Helix Midnight Luxe | Saatva Classic | Nest Bedding Sparrow | Nolah Evolution 15 | WinkBed mattress | Brooklyn Bedding Aurora Luxe,None,None,6,6,0,6
https://www.cnet.com/tech/computing/best-gaming-monitor/,LG Ultragear 32GS95UE | Sony InZone M9 2 | Alienware AW3225QF | Lenovo Legion R25f-30,,LG Ultragear 32GS95UE | Alienware AW3225QF | Sony InZone M9 2 | Lenovo Legion R25f-30,None,None,4,4,0,4
https://www.cnet.com/tech/home-entertainment/best-32-inch-tv/,TCL 32S325 | Toshiba 32LF221U19,TCL 32S325 | Toshiba 32LF221U19,None,None,Toshiba 32LF221U19 | TCL 32S325,0,2,2,0
https://www.cnet.com/health/fitness/best-exercise-bike/,BowFlex Velocore | Peloton Bike | BODi Bike | BowFlex C6 | Wahoo Kickr Bike | Saris H3 Indoor Trainer,Bowflex Velocore | Peloton Bike | Myx II Plus | BowFlex C6 | Wahoo Kickr Bike | Saris H3 Indoor Trainer,BODi Bike | BowFlex Velocore,Myx II Plus | Bowflex Velocore,Wahoo Kickr Bike | Peloton Bike | BowFlex C6 | Saris H3 Indoor Trainer,4,6,6,0
https://www.cnet.com/health/nutrition/best-vitamins-for-energy/,Nature's Bounty Super B Complex | One a Day Energy Multivitamin | Nature Made Super B Complex | Garden of Life Raw B-Complex | Vitafusion Extra Strength B12,Nature's Bounty Super B Complex | One a Day Energy Multivitamin | Nature Made Super B Complex | Garden of Life Raw B-Complex | Vitafusion Extra Strength B12,None,None,Nature's Bounty Super B Complex | Nature Made Super B Complex | Vitafusion Extra Strength B12 | Garden of Life Raw B-Complex | One a Day Energy Multivitamin,0,5,5,0
https://www.cnet.com/home/internet/best-gaming-routers/,,,None,None,None,0,0,0,0
https://www.cnet.com/tech/mobile/best-apple-iphone-se-case/,Speck cases | Otterbox Commuter | Gear4 Piccadilly | Spigen Tough Armor | Otterbox Symmetry Series | Spigen Slim Armor CS | Urban Armor Gear | Incipio NGP | LifeProof Wake Series | Smartish Wallet Slayer Vol. 2 | Moment Dextrad | Griffin Survivor Clear | Incipio Organicore | LifeProof Fre | Raptic Shield,Speck cases | Otterbox Commuter | Gear4 Piccadilly | Spigen Tough Armor | Otterbox Symmetry Series | Spigen Slim Armor CS | Urban Armor Gear | Incipio NGP | LifeProof Wake Series | Smartish Wallet Slayer Vol. 2 | Moment Dextrad | Griffin Survivor Clear | Incipio Organicore | LifeProof Fre | Raptic Shield | Cyrill Leather Brick (Out of Stock),None,Cyrill Leather Brick (Out of Stock),Moment Dextrad | LifeProof Wake Series | Otterbox Symmetry Series | Spigen Tough Armor | Speck cases | LifeProof Fre | Otterbox Commuter | Gear4 Piccadilly | Incipio Organicore | Incipio NGP | Spigen Slim Armor CS | Griffin Survivor Clear | Urban Armor Gear | Smartish Wallet Slayer Vol. 2 | Raptic Shield,1,15,16,-1
https://www.cnet.com/home/internet/best-internet-deals/,,,None,None,None,0,0,0,0
https://www.cnet.com/tech/home-entertainment/best-bose-speakers/,Bose SoundLink Max | Bose SoundLink Flex (2nd Gen) | Bose SoundLink Home | Bose Smart Ultra Soundbar | Bose Smart Soundbar | Bose SoundLink Micro | Bose Smart Speaker 500 (Out of Stock) | Bose Portable Smart Speaker | Bose SoundLink Revolve Plus 2,,Bose SoundLink Revolve Plus 2 | Bose SoundLink Home | Bose Smart Speaker 500 (Out of Stock) | Bose SoundLink Micro | Bose SoundLink Max | Bose Portable Smart Speaker | Bose Smart Soundbar | Bose SoundLink Flex (2nd Gen) | Bose Smart Ultra Soundbar,None,None,9,9,0,9
https://www.cnet.com/home/kitchen-and-household/best-tea-clubs-and-tea-subscriptions/,Simple Loose Leaf Tea Company | Atlas Tea Club | Art of Tea Club | Verdant Tea Club | Republic of Tea,Simple Loose Leaf Tea Company | Atlas Tea Club | Art of Tea Club | Verdant Tea Club | Republic of Tea,None,None,Republic of Tea | Atlas Tea Club | Art of Tea Club | Simple Loose Leaf Tea Company | Verdant Tea Club,0,5,5,0
https://www.cnet.com/tech/computing/home-office-essentials/,Dell Pro 2K Webcam | Logitech MX Anywhere 3 | Logitech C920S | Shure MV5 | Moft Sit/Stand desk | Apple Magic Keyboard | Logitech K380 | Sennheiser CX True Wireless Earbuds | Ninja Hot and Cold Brewed System | Dinnerly | Epson Expression Home 4100 | Branch standing desk,Dell Pro 2K Webcam | Logitech MX Anywhere 3 | Logitech C920S | Shure MV5 | Moft Sit/Stand desk | Apple Magic Keyboard | Logitech K380 | Sennheiser CX True Wireless Earbuds | Ninja Hot and Cold Brewed System | Dinnerly | Epson Expression Home 4100 | Branch standing desk,None,None,Dell Pro 2K Webcam | Logitech MX Anywhere 3 | Logitech K380 | Epson Expression Home 4100 | Logitech C920S | Apple Magic Keyboard | Ninja Hot and Cold Brewed System | Moft Sit/Stand desk | Dinnerly | Shure MV5 | Branch standing desk | Sennheiser CX True Wireless Earbuds,0,12,12,0
https://www.cnet.com/tech/mobile/best-t-mobile-phones/,Apple iPhone 16 | Samsung Galaxy S24 | Google Pixel 9 | Apple iPhone 16 Pro | Samsung Galaxy S24 Ultra | Google Pixel 9 Pro and 9 Pro XL | Motorola Razr Plus (2024) | iPhone 14 | Samsung Galaxy Z Flip 6 | Google Pixel 8A | Motorola Moto G Power (2024),iPhone 15 | Samsung Galaxy S24 | iPhone 15 Pro | Samsung Galaxy S24 Ultra | Google Pixel 8 Pro | Apple iPhone 13 | Google Pixel 8 | Google Pixel 7A | Samsung Galaxy Z Flip 5 | Motorola Moto G Stylus 5G,Google Pixel 9 | Motorola Razr Plus (2024) | Apple iPhone 16 Pro | Google Pixel 8A | Samsung Galaxy Z Flip 6 | Apple iPhone 16 | Google Pixel 9 Pro and 9 Pro XL | Motorola Moto G Power (2024) | iPhone 14,iPhone 15 | Apple iPhone 13 | Motorola Moto G Stylus 5G | Samsung Galaxy Z Flip 5 | Google Pixel 8 Pro | Google Pixel 7A | Google Pixel 8 | iPhone 15 Pro,Samsung Galaxy S24 Ultra | Samsung Galaxy S24,17,11,10,1
https://www.cnet.com/tech/mobile/best-budget-cheap-smartwatches-under-100/,LetsFit ID205L | Amazfit Bip S | NDur Smartwatch,,NDur Smartwatch | Amazfit Bip S | LetsFit ID205L,None,None,3,3,0,3
https://www.cnet.com/home/services/best-moving-companies/,National Van Lines | JK Moving Services | North American Van Lines | Interstate International | PODS | Penske,,JK Moving Services | National Van Lines | Penske | PODS | North American Van Lines | Interstate International,None,None,6,6,0,6
https://www.cnet.com/health/personal-care/best-prescription-sunglasses/,Warby Parker | Knockaround | Roka Eyewear | Zenni | EyeBuyDirect | Eyeglasses.com | SportRx | GlassesUSA.com | Lensabl,Warby Parker | Knockaround | Roka Eyewear | Zenni | EyeBuyDirect | Eyeglasses.com | SportRx | GlassesUSA.com | Lensabl,None,None,Eyeglasses.com | Warby Parker | Zenni | Knockaround | SportRx | GlassesUSA.com | Lensabl | EyeBuyDirect | Roka Eyewear,0,9,9,0
https://www.cnet.com/health/fitness/best-affordable-activewear-styles-and-dupes-that-are-worth-stocking-up-on/,Target All In Motion | Old Navy | Offline by Aerie | Zella | CRZ Yoga | 90 Degree by Reflex,,Zella | 90 Degree by Reflex | CRZ Yoga | Offline by Aerie | Target All In Motion | Old Navy,None,None,6,6,0,6
https://www.cnet.com/home/kitchen-and-household/best-stand-mixers/,KitchenAid Artisan Series tilt-head stand mixer | Cuisinart Precision Master SM-50 | Hamilton Beach 6-speed stand mixer | KitchenAid 7-quart bowl-lift stand mixer | Wolf Gourmet High-Performance stand mixer | GE Profile Smart Mixer,KitchenAid Artisan Series tilt-head stand mixer | Cuisinart Precision Master SM-50 | Hamilton Beach 6-speed stand mixer | KitchenAid 7-quart bowl-lift stand mixer | Wolf Gourmet High-Performance stand mixer | GE Profile Smart Mixer,None,None,KitchenAid 7-quart bowl-lift stand mixer | Cuisinart Precision Master SM-50 | KitchenAid Artisan Series tilt-head stand mixer | GE Profile Smart Mixer | Hamilton Beach 6-speed stand mixer | Wolf Gourmet High-Performance stand mixer,0,6,6,0
https://www.cnet.com/roadshow/news/best-tire-shine-spray-gel/,,,None,None,None,0,0,0,0
https://www.cnet.com/home/internet/best-no-contract-internet-plans/,,,None,None,None,0,0,0,0
https://www.cnet.com/tech/computing/best-camera-to-buy/,Canon R6 II | Fujifilm X100 VI | Sony A7 IV | Sony ZV-1 | Nikon Z50 | Canon EOS R5 | Hasselblad 907X 100C | Canon EOS R3 | DJI Osmo Pocket 3 | Sony A1 | Nikon Z9 | Nikon Z7 II | Panasonic Lumix S5 | OM Systems (Olympus) OM-1 | Leica SL3 | Fujifilm X-H2 | Hasselblad X2D 100C | Fujifilm GFX100S | Fujifilm X-S10,Canon R6 II | Fujifilm X100 VI | Sony A7 IV | Sony ZV-1 | Nikon Z50 | Canon EOS R5 | Hasselblad 907X 100C | Canon EOS R3 | DJI Osmo Pocket 3 | Sony A1 | Nikon Z9 | Nikon Z7 II | Panasonic Lumix S5 | OM Systems (Olympus) OM-1 | Leica SL3 | Fujifilm X-H2 | Hasselblad X2D 100C | Fujifilm GFX100S | Fujifilm X-S10,None,None,OM Systems (Olympus) OM-1 | Nikon Z7 II | Nikon Z50 | Sony A1 | Sony A7 IV | Leica SL3 | Canon EOS R3 | Fujifilm X-S10 | Panasonic Lumix S5 | Fujifilm GFX100S | Hasselblad X2D 100C | Sony ZV-1 | Canon R6 II | Hasselblad 907X 100C | Fujifilm X-H2 | Fujifilm X100 VI | DJI Osmo Pocket 3 | Canon EOS R5 | Nikon Z9,0,19,19,0
https://www.cnet.com/health/nutrition/best-probiotics/,Culturelle Pro Strength Daily Probiotics | Nature's Bounty Daily Probiotic | Physician's Choice Probiotics | Garden of Life Once Daily Men's | Garden of Life Once Daily Women's | TruBiotics Daily Probiotic | Florajen Women,Culturelle Pro Strength Daily Probiotics | Nature's Bounty Daily Probiotic | Physician's Choice Probiotics | Garden of Life Once Daily Men's | Garden of Life Once Daily Women's | TruBiotics Daily Probiotic | Florajen Women,None,None,Physician's Choice Probiotics | Culturelle Pro Strength Daily Probiotics | TruBiotics Daily Probiotic | Florajen Women | Nature's Bounty Daily Probiotic | Garden of Life Once Daily Women's | Garden of Life Once Daily Men's,0,7,7,0
https://www.cnet.com/tech/computing/best-keyboard/,Logitech MX Keys Mini | Apple Magic Keyboard | Keychron K3 | Satechi Slim X2 Bluetooth Backlit Keyboard | Logitech Ergo K860 | Logitech K780 Multi-Device Wireless Keyboard | iClever BK10 Multidevice Bluetooth Keyboard | Microsoft Ergonomic Keyboard (Update: Out of Stock),Logitech MX Keys Mini | Apple Magic Keyboard | Keychron K3 | Satechi Slim X2 Bluetooth Backlit Keyboard | Logitech Ergo K860 | Logitech K780 Multi-Device Wireless Keyboard | iClever BK10 Multidevice Bluetooth Keyboard | Microsoft Ergonomic Keyboard (Update: Out of Stock),None,None,Logitech MX Keys Mini | Logitech Ergo K860 | Satechi Slim X2 Bluetooth Backlit Keyboard | Apple Magic Keyboard | iClever BK10 Multidevice Bluetooth Keyboard | Logitech K780 Multi-Device Wireless Keyboard | Keychron K3 | Microsoft Ergonomic Keyboard (Update: Out of Stock),0,8,8,0
https://www.cnet.com/home/kitchen-and-household/best-dehumidifier/,Frigidaire FGAC5044W1 | hOmeLabs HME020031N | Midea MAD22C1AWS | Pro-Breeze | hOmeLabs HME020030N | Waykar HDCX-PD160B,Frigidaire FGAC5044W1 | HomeLabs HME020031N | Midea MAD22C1AWS | Pro-Breeze | GE ADEL50LZ (see update),hOmeLabs HME020031N | Waykar HDCX-PD160B | hOmeLabs HME020030N,GE ADEL50LZ (see update) | HomeLabs HME020031N,Pro-Breeze | Frigidaire FGAC5044W1 | Midea MAD22C1AWS,5,6,5,1
https://www.cnet.com/home/internet/best-internet-providers-in-san-diego-ca/,,,None,None,None,0,0,0,0
https://www.cnet.com/roadshow/news/best-ps4-ps5-racing-games/,Gran Turismo 7 | Assetto Corsa Competizione | F1 2021 | Project Cars 3 | Dirt 5 | The Crew 2 | WRC 10 | Wreckfest | What is the best racing game on PS4 and PS5? | What is the most realistic driving game on PS4 and PS5? | What is the best open world racing game on PlayStation? | Does the PS4 and PS5 have special accessories available for racing games?,,Project Cars 3 | F1 2021 | Gran Turismo 7 | Wreckfest | What is the best open world racing game on PlayStation? | The Crew 2 | Does the PS4 and PS5 have special accessories available for racing games? | What is the best racing game on PS4 and PS5? | Dirt 5 | WRC 10 | What is the most realistic driving game on PS4 and PS5? | Assetto Corsa Competizione,None,None,12,12,0,12
https://www.cnet.com/health/fitness/best-tennis-balls/,Wilson US Open Tennis Balls | Penn Championship Tennis Balls | Wilson Profile All Court Tennis Balls | Penn Pink Championship Extra Duty Tennis Ball Can | Penn QST 36 Tennis Balls | Wilson Tour Comp Tennis Balls (Update: Out of stock) | What should you look for when buying tennis balls? | What's the difference between a regular duty and extra duty ball? | What are the best beginner tennis balls?,Wilson US Open Tennis Balls | Penn Championship Tennis Balls | Wilson Profile All Court Tennis Balls | Penn Pink Championship Extra Duty Tennis Ball Can | Penn QST 36 Tennis Balls | Wilson Tour Comp Tennis Balls [Out of Stock] | What should you look for when buying tennis balls? | What's the difference between a regular duty and extra duty ball? | What are the best beginner tennis balls?,Wilson Tour Comp Tennis Balls (Update: Out of stock),Wilson Tour Comp Tennis Balls [Out of Stock],Wilson US Open Tennis Balls | What should you look for when buying tennis balls? | Penn Pink Championship Extra Duty Tennis Ball Can | Penn QST 36 Tennis Balls | What's the difference between a regular duty and extra duty ball? | Penn Championship Tennis Balls | What are the best beginner tennis balls? | Wilson Profile All Court Tennis Balls,2,9,9,0
https://www.cnet.com/health/nutrition/best-collagen-powder/,Vital Proteins Collagen Peptides | Orgain Grass-Fed Hydrolyzed Collagen Peptides | Further Food Collagen Peptides | Ancient Nutrition Multi Collagen Protein Powder | Momentous Collagen Peptides | Garden of Life Mykind Organics Collagen Builder (Update: Out of stock),Vital Proteins Collagen Peptides | Orgain Grass-Fed Hydrolyzed Collagen Peptides | Care/of Collagen | Further Food Collagen Peptides | Ancient Nutrition Multi Collagen Protein Powder | Momentous Collagen Peptides | Garden of Life Mykind Organics Collagen Builder,Garden of Life Mykind Organics Collagen Builder (Update: Out of stock),Garden of Life Mykind Organics Collagen Builder | Care/of Collagen,Ancient Nutrition Multi Collagen Protein Powder | Orgain Grass-Fed Hydrolyzed Collagen Peptides | Vital Proteins Collagen Peptides | Momentous Collagen Peptides | Further Food Collagen Peptides,3,6,7,-1
https://www.cnet.com/home/kitchen-and-household/best-ice-cream-maker/,Cuisinart Total Indulgence 2-quart | Cuisinart 1.5-quart automatic | Ninja Creami,Cuisinart Total Indulgence 2-quart | Cuisinart 1.5-quart automatic | Ninja Creami,None,None,Cuisinart 1.5-quart automatic | Ninja Creami | Cuisinart Total Indulgence 2-quart,0,3,3,0
https://www.cnet.com/health/sleep/best-mattress-for-sciatica/,Saatva Rx | Casper Dream Max | Nolah Evolution Comfort Plus | Nectar Classic | Plank Firm Natural | Leesa Legend Hybrid,,Nectar Classic | Plank Firm Natural | Casper Dream Max | Saatva Rx | Leesa Legend Hybrid | Nolah Evolution Comfort Plus,None,None,6,6,0,6
https://www.cnet.com/health/sleep/best-pillow-top-mattress/,Star Hybrid | Saatva Classic | WinkBed | Allswell Supreme | Helix Midnight Luxe,,Allswell Supreme | WinkBed | Helix Midnight Luxe | Saatva Classic | Star Hybrid,None,None,5,5,0,5
https://www.cnet.com/home/internet/best-internet-providers-in-new-jersey/,,,None,None,None,0,0,0,0
https://www.cnet.com/health/sleep/best-mattress/,Brooklyn Bedding Signature Hybrid Mattress | Saatva Classic Mattress | Nectar Premier Mattress | Big Fig Mattress | Allswell Mattress | Brooklyn Bedding Aurora Luxe Mattress | Saatva Rx | Layla Hybrid Mattress | Purple Restore mattress | Bear Original Mattress | Helix Sunset Luxe Mattress | WinkBed Mattress | Plank Firm Luxe Mattress | Avocado Green Mattress | Sparrow Signature Hybrid Mattress | Dreamfoam Doze Mattress,,Saatva Classic Mattress | Bear Original Mattress | Sparrow Signature Hybrid Mattress | WinkBed Mattress | Big Fig Mattress | Helix Sunset Luxe Mattress | Purple Restore mattress | Plank Firm Luxe Mattress | Brooklyn Bedding Aurora Luxe Mattress | Dreamfoam Doze Mattress | Allswell Mattress | Brooklyn Bedding Signature Hybrid Mattress | Saatva Rx | Avocado Green Mattress | Nectar Premier Mattress | Layla Hybrid Mattress,None,None,16,16,0,16
https://www.cnet.com/home/security/best-facial-recognition-security-cameras/,Nest Indoor/Outdoor Cam (battery) | SimpliSafe Outdoor Camera | Amazon Echo Show 8 | EufyCam S300 (2-pack kit) | Nest Battery Doorbell,,SimpliSafe Outdoor Camera | Nest Indoor/Outdoor Cam (battery) | Nest Battery Doorbell | EufyCam S300 (2-pack kit) | Amazon Echo Show 8,None,None,5,5,0,5
https://www.cnet.com/tech/services-and-software/best-website-builder/,Wix | Squarespace | Shopify | Hostinger | Duda,,Hostinger | Squarespace | Shopify | Wix | Duda,None,None,5,5,0,5
https://www.cnet.com/home/internet/best-internet-providers-in-portland-or/,,,None,None,None,0,0,0,0
https://www.cnet.com/home/kitchen-and-household/best-cookware-sets/,All-Clad D3 7-piece set | Made In's 6-piece starter set | Lodge Seasoned 7-piece bundle | Caraway Cookware | All-Clad 2-piece nonstick skillet set | Tramontina Tri-Ply 8-piece cookware set | Misen nonstick set (Update: Currently Unavailable),All-Clad D3 7-piece set | Tramontina Tri-Ply 8-piece cookware set | Made In's 6-piece starter set | Misen 5-piece nonstick set | Lodge Seasoned 3-piece bundle | Caraway Cookware | All-Clad 2-piece nonstick skillet set,Lodge Seasoned 7-piece bundle | Misen nonstick set (Update: Currently Unavailable),Misen 5-piece nonstick set | Lodge Seasoned 3-piece bundle,Made In's 6-piece starter set | Caraway Cookware | All-Clad 2-piece nonstick skillet set | All-Clad D3 7-piece set | Tramontina Tri-Ply 8-piece cookware set,4,7,7,0
https://www.cnet.com/home/kitchen-and-household/guide-to-nonstick-cookware-teflon-ceramic-anodized-aluminum/,Tramontina Professional fry pan | Scanpan CS+ 11-inch skillet | Made In nonstick frying pan | Equal Parts nonstick cookware set | Calphalon nonstick Dutch oven | Staub silicone and olivewood utensil set (Out of Stock) | GreenPan nonstick sauce pan (Currently Unavailable),Tramontina Professional fry pan | Scanpan CS+ 11-inch skillet | Made In nonstick frying pan | Equal Parts nonstick cookware set | Calphalon nonstick Dutch oven | Staub silicone and olivewood utensil set (Out of Stock) | GreenPan nonstick sauce pan (Currently Unavailable),None,None,Scanpan CS+ 11-inch skillet | Equal Parts nonstick cookware set | GreenPan nonstick sauce pan (Currently Unavailable) | Made In nonstick frying pan | Calphalon nonstick Dutch oven | Staub silicone and olivewood utensil set (Out of Stock) | Tramontina Professional fry pan,0,7,7,0
https://www.cnet.com/home/yard-and-outdoors/best-luggage-wheeled-cases-duffels-and-carry-on/,Samsonite Stackd 75 | Nomatic (Gomatic) Navigator wheeled carry-on 37L | Carl Friedrik The Carry-on | MVST Select Trek Aluminum Suitcase | Horizn Studios H5 Cabin Luggage 35L | July Carry On Trunk | Carl Friedrik Trunk | Samsonite Proxis 81 | Freitag F306 Hazzard | Yeti Panga 75L waterproof duffel | American Tourister Airconic Spinner 77 | Db Hytta Split Duffel 50L,Samsonite Stackd 75 | Nomatic (Gomatic) Navigator wheeled carry-on 37L | MVST Select Trek Aluminum Suitcase | Horizn Studios H5 Cabin Luggage 35L | July Carry On Trunk | Samsonite Proxis 81 | Db Hytta Split Duffel 50L | Freitag F306 Hazzard | Yeti Panga 75L waterproof duffel | American Tourister Airconic Spinner 77,Carl Friedrik Trunk | Carl Friedrik The Carry-on,None,Yeti Panga 75L waterproof duffel | Samsonite Proxis 81 | July Carry On Trunk | Freitag F306 Hazzard | Samsonite Stackd 75 | Nomatic (Gomatic) Navigator wheeled carry-on 37L | Db Hytta Split Duffel 50L | MVST Select Trek Aluminum Suitcase | Horizn Studios H5 Cabin Luggage 35L | American Tourister Airconic Spinner 77,2,12,10,2
https://www.cnet.com/tech/services-and-software/best-thrifting-and-secondhand-shopping-apps/,Poshmark | Vinted | ThredUp | Vestiaire Collective,Poshmark | Vinted | ThredUp | Vestiaire Collective,None,None,Vinted | ThredUp | Poshmark | Vestiaire Collective,0,4,4,0
https://www.cnet.com/tech/home-entertainment/best-outdoor-projector/,Anker Nebula Mars II Pro | Xgimi Halo Plus | AAXA P6X | AAXA P8 | Anker Nebula Capsule | Vimgo P10 | Anker Nebula Cosmos Laser 4K,Anker Nebula Mars II Pro | Xgimi Halo Plus | AAXA P6X | AAXA P8 | Anker Nebula Capsule | Vimgo P10 | Anker Nebula Cosmos Laser 4K,None,None,Vimgo P10 | Xgimi Halo Plus | Anker Nebula Capsule | AAXA P6X | AAXA P8 | Anker Nebula Mars II Pro | Anker Nebula Cosmos Laser 4K,0,7,7,0
https://www.cnet.com/tech/computing/best-kids-tablet/,"Amazon Fire HD 10 Kids Edition | Amazon Fire HD 8 Kids Edition | Amazon Fire 7 Kids Edition | Apple iPad (9th gen, 2021)","Amazon Fire HD 10 Kids Edition | Amazon Fire HD 8 Kids Edition | Amazon Fire 7 Kids Edition | Apple iPad (9th gen, 2021)",None,None,"Amazon Fire HD 8 Kids Edition | Amazon Fire HD 10 Kids Edition | Apple iPad (9th gen, 2021) | Amazon Fire 7 Kids Edition",0,4,4,0
https://www.cnet.com/health/sleep/best-queen-mattress/,Brooklyn Bedding Signature | Layla Hybrid | Bear Original | Big Fig | Purple Restore Hybrid | Avocado Green | DreamCloud Hybrid | Allswell | Leesa Studio Chill | Saatva Rx,,Leesa Studio Chill | Allswell | Brooklyn Bedding Signature | Saatva Rx | Layla Hybrid | Big Fig | Purple Restore Hybrid | DreamCloud Hybrid | Bear Original | Avocado Green,None,None,10,10,0,10
https://www.cnet.com/health/personal-care/best-eye-cream/,Skinbetter Science InterFuse Treatment Cream Eye | Fortify De-Puffing and Protecting Eye Cream | Dr. Loretta Tightening Eye Gel | Beauty Pie Superluminous Under-Eye Genius | Perricone MD CCC and Ferulic Brightening Under-Eye Cream | Osea Malibu Ocean Eyes Serum | Neutrogena Hydro Boost and Caffeine Eye Gel Cream | First Aid Beauty Hydrating Eye Cream | RoC Retinol Correxion Eye Cream | Murad Renewing Eye Cream | Live Tinted Superhue Brightening Eye Cream | Drmtlgy Brightening Eye Masks,Skinbetter Science InterFuse Treatment Cream Eye | Fortify De-Puffing and Protecting Eye Cream | Dr. Loretta Tightening Eye Gel | Beauty Pie Superluminous Under-Eye Genius | Perricone MD CCC and Ferulic Brightening Under-Eye Cream | Osea Malibu Ocean Eyes Serum | Neutrogena Hydro Boost and Caffeine Eye Gel Cream | First Aid Beauty Hydrating Eye Cream | RoC Retinol Correxion Eye Cream | Murad Renewing Eye Cream | Live Tinted Superhue Brightening Eye Cream | Drmtlgy Brightening Eye Masks,None,None,RoC Retinol Correxion Eye Cream | Neutrogena Hydro Boost and Caffeine Eye Gel Cream | Live Tinted Superhue Brightening Eye Cream | Perricone MD CCC and Ferulic Brightening Under-Eye Cream | Fortify De-Puffing and Protecting Eye Cream | Dr. Loretta Tightening Eye Gel | Skinbetter Science InterFuse Treatment Cream Eye | Osea Malibu Ocean Eyes Serum | Beauty Pie Superluminous Under-Eye Genius | Drmtlgy Brightening Eye Masks | Murad Renewing Eye Cream | First Aid Beauty Hydrating Eye Cream,0,12,12,0
https://www.cnet.com/home/yard-and-outdoors/best-portable-grill/,Weber Q-1200 Portable Gas Grill | Hitchfire Forge 15 | Cuisinart Petit Gourmet Tabletop Grill | Weber Smokey Joe Premium | GoBQ Charcoal Grill | GoSun Go Portable Solar Cooker | Casus Biodegradable Bamboo Grill,Weber Q-1200 Portable Gas Grill | Hitchfire Forge 15 | Cuisinart Petit Gourmet Tabletop Grill | Weber Smokey Joe Premium | GoBQ Charcoal Grill | GoSun Go Portable Solar Cooker | Casus Biodegradable Bamboo Grill,None,None,Casus Biodegradable Bamboo Grill | GoBQ Charcoal Grill | Weber Q-1200 Portable Gas Grill | Weber Smokey Joe Premium | Cuisinart Petit Gourmet Tabletop Grill | Hitchfire Forge 15 | GoSun Go Portable Solar Cooker,0,7,7,0
https://www.cnet.com/health/nutrition/best-melatonin-supplements/,Nature Made Melatonin | Nature's Bounty Melatonin | Olly Sleep Gummy | Natrol Melatonin | Thorne Melatonin | Now Liquid Melatonin,Nature Made Melatonin | Nature's Bounty Melatonin | Olly Sleep Gummy | Natrol Melatonin | Thorne Melatonin | Now Liquid Melatonin,None,None,Nature Made Melatonin | Nature's Bounty Melatonin | Thorne Melatonin | Now Liquid Melatonin | Olly Sleep Gummy | Natrol Melatonin,0,6,6,0
https://www.cnet.com/home/internet/best-internet-providers-in-las-vegas-nv/,,,None,None,None,0,0,0,0
https://www.cnet.com/tech/computing/best-monitor-under-200/,Samsung T35F 27-inch FHD IPS Monitor | LG 24-inch FreeSync Monitor (24ML600M-B) | LG 27MP60G-B 27-inch FHD IPS FreeSync Display | LG 29-inch UltraWide FHD FreeSync Monitor (29UM59A-P) | Gigabyte G27FC A 27-inch 1080p 165 Hz Curved Gaming Monitor,Samsung T35F 27-inch FHD IPS Monitor | LG 24-inch FreeSync Monitor (24ML600M-B) | LG 27MP60G-B 27-inch FHD IPS FreeSync Display | LG 29-inch UltraWide FHD FreeSync Monitor (29UM59A-P) | Gigabyte G27FC A 27-inch 1080p 165 Hz Curved Gaming Monitor,None,None,LG 24-inch FreeSync Monitor (24ML600M-B) | LG 29-inch UltraWide FHD FreeSync Monitor (29UM59A-P) | Samsung T35F 27-inch FHD IPS Monitor | Gigabyte G27FC A 27-inch 1080p 165 Hz Curved Gaming Monitor | LG 27MP60G-B 27-inch FHD IPS FreeSync Display,0,5,5,0
https://www.cnet.com/home/kitchen-and-household/best-electric-kettle/,Beautiful by Drew Barrymore One-Touch Kettle | Cosori Electric Gooseneck Kettle | KitchenAid Electric Kettle | Breville Tea Maker | Stagg EKG Electric Kettle,Beautiful by Drew Barrymore One-Touch Kettle | Cosori Electric Gooseneck Kettle | KitchenAid Electric Kettle | Breville Tea Maker | Stagg EKG Electric Kettle,None,None,Cosori Electric Gooseneck Kettle | Beautiful by Drew Barrymore One-Touch Kettle | Breville Tea Maker | KitchenAid Electric Kettle | Stagg EKG Electric Kettle,0,5,5,0
https://www.cnet.com/home/internet/best-internet-providers-in-atlanta-ga/,,,None,None,None,0,0,0,0
https://www.cnet.com/tech/computing/best-laptop-backpack/,Nomatic Travel Backpack | Solo Duane Hybrid Briefcase | Incase ARC Commuter Pack | Brevite Jumper | Peak Design Everyday | Deuter Up Seoul | Moshi Treya Lite | North St. Belmont Backpack | Waterfield Designs Pro Executive | Troubadour Adventure Slipstream backpack,Nomatic Travel Backpack | Solo Duane Hybrid Briefcase | Incase ARC Commuter Pack | Brevite Jumper | Peak Design Everyday | Deuter Up Seoul | Moshi Treya Lite | North St. Belmont Backpack | Waterfield Designs Pro Executive | Troubadour Adventure Slipstream backpack,None,None,Nomatic Travel Backpack | Incase ARC Commuter Pack | Waterfield Designs Pro Executive | Solo Duane Hybrid Briefcase | Moshi Treya Lite | North St. Belmont Backpack | Deuter Up Seoul | Brevite Jumper | Troubadour Adventure Slipstream backpack | Peak Design Everyday,0,10,10,0
https://www.cnet.com/health/nutrition/best-produce-delivery-service/,Misfits Market | Imperfect Foods | The Fruit Company | Farm Fresh to You | FreshDirect,Misfits Market | Imperfect Foods | The Fruit Company | Farm Fresh to You | FreshDirect,None,None,Farm Fresh to You | Imperfect Foods | Misfits Market | The Fruit Company | FreshDirect,0,5,5,0
https://www.cnet.com/tech/services-and-software/free-tv-streaming-workouts/,YouTube | FitOn | DoYogaWithMe | Prime Video | Fawesome TV,YouTube | FitOn | DoYogaWithMe | Prime Video | Fawesome TV,None,None,DoYogaWithMe | FitOn | YouTube | Prime Video | Fawesome TV,0,5,5,0
https://www.cnet.com/tech/mobile/best-kids-headphones/,iClever BTH20 | Soundcore by Anker H30i | Skullcandy Grom Wireless | Sony CH-520 | JLab Studio ANC | JVC Flats | Creative Sound Blaster Jam V2,Soundcore by Anker H30i | Skullcandy Grom Wireless | Sony CH-520 | JLab Studio ANC | JVC Flats | Creative Sound Blaster Jam V2,iClever BTH20,None,JVC Flats | JLab Studio ANC | Sony CH-520 | Soundcore by Anker H30i | Creative Sound Blaster Jam V2 | Skullcandy Grom Wireless,1,7,6,1
https://www.cnet.com/health/fitness/best-protein-powders/,Huel Complete Protein | Ascent Native Fuel Whey Protein Powder | Myprotein Impact Whey Isolate | Orgain Organic Protein Powder | Ghost Protein Powder | Whey Forward,Huel Complete Protein | Ascent Native Fuel Whey Protein Powder | Myprotein Impact Whey Isolate | Orgain Organic Protein Powder | Ghost Protein Powder | Whey Forward,None,None,Orgain Organic Protein Powder | Whey Forward | Myprotein Impact Whey Isolate | Ghost Protein Powder | Ascent Native Fuel Whey Protein Powder | Huel Complete Protein,0,6,6,0
https://www.cnet.com/health/sleep/were-sleep-experts-these-are-our-favorite-beds-on-the-market/,,,None,None,None,0,0,0,0
https://www.cnet.com/health/medical/best-online-hearing-tests/,Mimi | MDHearing | Soundly | Amplifon | Starkey,Mimi | MDHearing | Soundly | Amplifon | Starkey,None,None,Amplifon | MDHearing | Soundly | Mimi | Starkey,0,5,5,0
https://www.cnet.com/tech/home-entertainment/best-wired-streaming-device/,Roku Express 4K Plus with Ethernet Adapter | Chromecast with Google TV plus Ethernet Adapter | Apple TV 4K | Nvidia Shield TV | Roku Ultra LT,Roku Express 4K Plus with Ethernet Adapter | Chromecast with Google TV plus Ethernet Adapter | Apple TV 4K | Nvidia Shield TV | Roku Ultra LT,None,None,Nvidia Shield TV | Chromecast with Google TV plus Ethernet Adapter | Apple TV 4K | Roku Ultra LT | Roku Express 4K Plus with Ethernet Adapter,0,5,5,0
https://www.cnet.com/culture/best-weed-accessories/,,,None,None,None,0,0,0,0
https://www.cnet.com/tech/home-entertainment/best-dolby-atmos-soundbar/,Vizio M512a-H6 | Vizio Elevate | Polk Signa S4 | Bose Smart Soundbar 600 | Bose Smart Ultra Soundbar | Sennheiser Ambeo Soundbar,Vizio M512a-H6 | Vizio Elevate | Polk Signa S4 | Bose Smart Soundbar 600 | Bose Smart Ultra Soundbar | Sennheiser Ambeo Soundbar,None,None,Vizio M512a-H6 | Sennheiser Ambeo Soundbar | Bose Smart Soundbar 600 | Vizio Elevate | Polk Signa S4 | Bose Smart Ultra Soundbar,0,6,6,0
https://www.cnet.com/home/internet/best-prepaid-home-internet-plans/,,,None,None,None,0,0,0,0
https://www.cnet.com/personal-finance/credit-cards/best-debit-cards-for-kids-and-teens-greenlight-busykid-and-more/,Greenlight Debit Card for Kids | BusyKid Debit Card for Kids | Acorns Early debit card for kids | Step Card for Teens | Axos First Checking | Chase First and High School Checking | The bottom line,,The bottom line | BusyKid Debit Card for Kids | Chase First and High School Checking | Acorns Early debit card for kids | Step Card for Teens | Greenlight Debit Card for Kids | Axos First Checking,None,None,7,7,0,7
https://www.cnet.com/health/fitness/best-workout-subscription-apps/,Apple Fitness Plus | One Peloton | Classpass | CorePower On Demand | Aaptiv | Centr | Pvolve,,One Peloton | Pvolve | Apple Fitness Plus | Centr | Aaptiv | CorePower On Demand | Classpass,None,None,7,7,0,7
https://www.cnet.com/health/sleep/best-mattress-for-back-pain/,Saatva Rx | Saatva Classic Mattress | Nectar Classic Hybrid | DreamCloud Premier Hybrid | Leesa Legend Chill | Allswell mattress | Helix Plus,,Saatva Classic Mattress | Helix Plus | Leesa Legend Chill | Allswell mattress | Nectar Classic Hybrid | DreamCloud Premier Hybrid | Saatva Rx,None,None,7,7,0,7
